,score,subject,session,paradigm
0,0.4117647058823529,1,1,MI
1,0.4,1,1,MI
2,0.5294117647058824,1,1,MI
3,0.5789473684210527,1,1,MI
4,0.36363636363636365,1,1,MI
5,0.3,1,1,MI
6,0.2857142857142857,1,1,MI
7,0.47368421052631576,1,1,MI
8,0.42857142857142855,1,1,MI
9,0.42857142857142855,1,1,MI
